datetime,time_elp(s),avg_latency(ms),throughput(req/s),concurrency,http_error_count,ballerina_error_count,time_elp(s)_mean,cpu_usage_mean,memory_usage_mean
2020-07-05 03:30:30+00:00,0.0,0.0,0.0,0.0,0.0,0.0,3.5,1.629376,68119.0
2020-07-05 03:30:40+00:00,0.0,4501.5601203846145,1.2710207274149394,17.0,0.0,0.0,12.5,1.6075959999999998,68224.0
2020-07-05 03:30:50+00:00,12.5,1522.06776346875,10.240819265541244,17.0,0.0,0.0,22.6,1.6075959999999998,68224.0
2020-07-05 03:31:00+00:00,24.2,838.0252882598869,15.128205128205128,16.0,0.0,0.0,33.0,1.6075959999999998,68224.0
2020-07-05 03:31:10+00:00,35.7,861.4201996763005,15.043478260869565,15.0,0.0,0.0,43.2,1.6075959999999998,68224.0
2020-07-05 03:31:20+00:00,41.2,845.1623293292746,15.202160871936325,12.5,0.0,0.0,53.25,1.6075959999999998,68224.0
2020-07-05 03:31:30+00:00,46.7,828.9044589822487,15.360843483003087,10.0,0.0,0.0,62.5,50.6557585,84188.0
2020-07-05 03:31:40+00:00,58.4,753.9530446595744,16.071123268934862,15.0,0.0,0.0,73.4,99.703921,100152.0
2020-07-05 03:31:50+00:00,69.6,636.6147231184833,18.837603785376306,14.0,0.0,0.0,83.5,99.703921,100152.0
2020-07-05 03:32:00+00:00,80.1,532.3958343333334,20.28378249690505,12.0,0.0,0.0,92.5,99.703921,100152.0
2020-07-05 03:32:10+00:00,90.9,495.9172684107883,22.318947953324688,9.0,0.0,0.0,102.6,99.703921,100152.0
2020-07-05 03:32:20+00:00,101.8,345.86688539926735,25.04587155963303,9.0,0.0,0.0,113.0,99.703921,100152.0
2020-07-05 03:32:30+00:00,112.9,338.3032266715328,24.68468468468469,12.0,0.0,0.0,123.2,99.2917906,108652.8
2020-07-05 03:32:40+00:00,123.7,255.5636497317073,30.37037037037037,8.0,0.0,0.0,133.25,99.017037,114320.0
2020-07-05 03:32:50+00:00,134.5,268.5504532096774,28.695732666851807,10.0,0.0,0.0,142.5,99.017037,114320.0
2020-07-05 03:33:00+00:00,145.1,218.47770313256484,32.74511654241766,9.0,0.0,0.0,152.6,99.017037,114320.0
2020-07-05 03:33:10+00:00,155.9,0.0,0.0,0.0,0.0,0.0,162.75,99.017037,114320.0
2020-07-05 03:33:20+00:00,155.9,0.0,0.0,0.0,0.0,0.0,173.0,99.017037,114320.0
